Data,Receita,Custo,Lucro,Margem_Percentual,ROI,Fluxo_Caixa,Divida_Total,Investimentos,Num_Funcionarios,Custo_Por_Funcionario,Departamento,Centro_Custo
2022-01-01,47366.05,33683.77,13682.29,28.89,40.62,23037.11,500081.15,9422.9,120,280.7,P&D,CC002
2022-01-02,48558.97,34808.4,13750.57,28.32,39.5,15698.64,498901.45,8502.27,120,290.07,Marketing,CC007
2022-01-03,51354.35,33121.79,18232.56,35.5,55.05,13891.09,498657.99,13609.09,120,276.01,TI,CC002
2022-01-04,54041.17,34537.14,19504.03,36.09,56.47,22177.17,500206.58,8494.43,120,287.81,Administrativo,CC007
2022-01-05,56456.68,35533.97,20922.71,37.06,58.88,7743.97,498300.91,9164.62,120,296.12,TI,CC005
2022-01-06,51920.84,38480.98,13439.86,25.89,34.93,13456.74,498767.2,10750.9,120,320.67,Administrativo,CC003
2022-01-07,59233.65,37427.42,21806.23,36.81,58.26,23445.34,497972.24,8002.56,120,311.9,RH,CC004
2022-01-08,54159.59,37376.43,16783.16,30.99,44.9,21404.51,498383.83,9678.25,120,311.47,Marketing,CC007
2022-01-09,54908.91,38691.08,16217.83,29.54,41.92,11148.35,498809.36,11164.99,120,322.43,Administrativo,CC002
2022-01-10,52514.1,36627.64,15886.46,30.25,43.37,16314.89,498982.55,9922.24,120,305.23,RH,CC001
2022-01-11,47057.91,37513.28,9544.63,20.28,25.44,4917.5,498258.94,10456.21,120,312.61,Financeiro,CC004
2022-01-12,56368.41,36280.18,20088.23,35.64,55.37,21365.15,498180.25,9636.21,120,302.33,Operações,CC003
2022-01-13,55150.06,36706.66,18443.4,33.44,50.25,13966.67,497491.67,7714.44,120,305.89,Operações,CC007
2022-01-14,51190.35,34648.35,16542.01,32.31,47.74,14501.5,497111.25,11431.46,120,288.74,RH,CC007
2022-01-15,51241.23,30538.61,20702.62,40.4,67.79,15723.55,496864.66,14339.18,120,254.49,TI,CC005
2022-01-16,51548.57,34731.89,16816.68,32.62,48.42,20072.36,496396.29,10903.13,120,289.43,Financeiro,CC003
2022-01-17,44273.61,37430.15,6843.45,15.46,18.28,11135.71,497316.81,11349.64,120,311.92,RH,CC002
2022-01-18,46380.01,36039.47,10340.54,22.3,28.69,9167.44,497218.6,12312.97,120,300.33,Financeiro,CC005
2022-01-19,49444.77,35755.77,13689.0,27.69,38.28,13880.19,495557.09,8412.76,120,297.96,Operações,CC008
2022-01-20,42522.36,35986.54,6535.82,15.37,18.16,-707.14,497045.57,14375.71,123,292.57,P&D,CC007
2022-01-21,46551.55,33445.87,13105.68,28.15,39.18,11607.3,496528.86,11389.87,123,271.92,Financeiro,CC005
2022-01-22,41176.02,33493.15,7682.87,18.66,22.94,7431.85,495935.58,14258.66,123,272.3,Marketing,CC003
2022-01-23,46427.78,31776.31,14651.47,31.56,46.11,27755.43,494785.83,9533.77,123,258.34,Marketing,CC006
2022-01-24,44921.62,32379.5,12542.12,27.92,38.73,6982.28,496004.7,14635.98,123,263.25,Operações,CC002
2022-01-25,40400.52,34330.15,6070.37,15.03,17.68,13391.26,495597.2,12545.31,123,279.11,Financeiro,CC006
2022-01-26,49165.34,35676.47,13488.87,27.44,37.81,18473.17,494194.53,12091.39,123,290.05,Financeiro,CC004
2022-01-27,44081.8,33235.6,10846.2,24.6,32.63,12249.39,494420.78,11438.87,123,270.21,Administrativo,CC008
2022-01-28,44631.67,32924.86,11706.81,26.23,35.56,20499.91,494888.84,10454.54,123,267.68,P&D,CC008
2022-01-29,48569.43,34188.42,14381.0,29.61,42.06,16241.53,494932.99,13328.81,123,277.95,Vendas,CC007
2022-01-30,52407.81,35787.46,16620.34,31.71,46.44,18566.14,494141.09,11180.09,123,290.95,Marketing,CC008
2022-01-31,46954.04,32113.19,14840.85,31.61,46.21,14575.24,494894.9,6932.49,123,261.08,Vendas,CC005
2022-02-01,51226.15,30824.39,20401.76,39.83,66.19,26519.6,493087.44,8595.29,123,250.6,Marketing,CC007
2022-02-02,53321.74,34713.36,18608.37,34.9,53.61,24090.72,494391.4,10416.96,123,282.22,Financeiro,CC002
2022-02-03,55019.9,33735.14,21284.76,38.69,63.09,18156.37,492916.11,11363.8,123,274.27,Vendas,CC007
2022-02-04,54246.75,35471.03,18775.72,34.61,52.93,12179.48,492926.9,10582.16,123,288.38,P&D,CC006
2022-02-05,53230.8,36437.54,16793.25,31.55,46.09,15778.35,492366.71,13081.43,123,296.24,RH,CC003
2022-02-06,52274.32,35996.7,16277.62,31.14,45.22,12277.42,493634.53,6686.3,123,292.66,TI,CC007
2022-02-07,55232.89,39895.09,15337.8,27.77,38.45,15020.18,492260.66,10817.84,123,324.35,P&D,CC007
2022-02-08,51758.1,37643.68,14114.42,27.27,37.49,20301.61,493121.58,6834.27,123,306.05,Operações,CC002
2022-02-09,45993.19,37504.23,8488.95,18.46,22.63,6202.44,491849.52,11926.94,123,304.91,Marketing,CC001
2022-02-10,55641.81,37977.67,17664.14,31.75,46.51,17450.03,491975.01,10153.9,123,308.76,Marketing,CC006
2022-02-11,56429.58,34209.86,22219.73,39.38,64.95,22509.84,490930.73,11115.68,123,278.13,Financeiro,CC008
2022-02-12,45852.23,38255.06,7597.18,16.57,19.86,11839.33,490825.77,8480.99,123,311.02,Financeiro,CC004
2022-02-13,49006.65,35663.24,13343.41,27.23,37.42,2108.96,491357.3,12698.96,123,289.95,Administrativo,CC003
2022-02-14,52899.23,36758.11,16141.12,30.51,43.91,13107.62,491891.53,12154.09,123,298.85,Operações,CC008
2022-02-15,56174.74,32857.64,23317.1,41.51,70.96,24373.52,490564.51,11167.99,123,267.14,Financeiro,CC002
2022-02-16,49025.13,31478.04,17547.09,35.79,55.74,23547.48,490497.23,9672.13,123,255.92,Financeiro,CC005
2022-02-17,45784.66,35823.72,9960.94,21.76,27.81,7501.43,490749.36,11021.48,123,291.25,Operações,CC008
2022-02-18,46514.79,34578.69,11936.1,25.66,34.52,2553.33,490415.9,8379.27,123,281.13,TI,CC007
2022-02-19,50411.36,31711.08,18700.28,37.1,58.97,21798.84,490011.37,11436.46,123,257.81,Vendas,CC002
2022-02-20,43734.49,31530.13,12204.36,27.91,38.71,9027.55,490428.55,12957.94,123,256.34,Vendas,CC008
2022-02-21,42849.7,35350.29,7499.41,17.5,21.21,1551.07,489013.96,11735.51,123,287.4,RH,CC005
2022-02-22,43581.77,30633.7,12948.07,29.71,42.27,9826.34,489712.3,8072.37,123,249.05,Marketing,CC003
2022-02-23,42170.06,36297.9,5872.16,13.92,16.18,4949.54,488541.85,10193.98,123,295.1,RH,CC003
2022-02-24,45615.43,31298.27,14317.17,31.39,45.74,11293.44,488804.24,6827.01,123,254.46,Financeiro,CC005
2022-02-25,50546.66,34546.39,16000.28,31.65,46.32,4972.45,488921.95,10503.1,123,280.86,TI,CC004
2022-02-26,47256.32,32858.16,14398.16,30.47,43.82,18883.49,488981.07,10207.67,123,267.14,RH,CC007
2022-02-27,46306.87,35032.52,11274.35,24.35,32.18,17648.73,488077.15,5518.36,123,284.82,Financeiro,CC005
2022-02-28,47093.79,33100.04,13993.75,29.71,42.28,17251.36,487887.38,6889.58,123,269.11,Financeiro,CC001
2022-03-01,44273.83,34260.36,10013.46,22.62,29.23,4325.03,487518.04,8605.87,123,278.54,Vendas,CC002
2022-03-02,52652.34,35083.64,17568.69,33.37,50.08,16561.24,487964.75,8533.46,123,285.23,Vendas,CC001
2022-03-03,50809.1,33413.28,17395.82,34.24,52.06,17363.21,486932.12,6683.47,123,271.65,P&D,CC002
2022-03-04,51495.35,37296.99,14198.36,27.57,38.07,17192.34,487016.48,9852.02,123,303.23,Operações,CC007
2022-03-05,62521.41,35151.04,27370.37,43.78,77.87,30712.07,487788.12,9553.15,123,285.78,P&D,CC007
2022-03-06,54615.19,36031.01,18584.18,34.03,51.58,14913.31,487062.3,8642.45,123,292.94,Financeiro,CC002
2022-03-07,52078.01,34745.31,17332.7,33.28,49.89,17742.68,487960.41,7504.91,123,282.48,RH,CC008
2022-03-08,53479.52,31779.43,21700.09,40.58,68.28,23986.49,486934.42,11104.22,123,258.37,P&D,CC005
2022-03-09,58421.3,36609.0,21812.3,37.34,59.58,29091.41,486284.4,12312.77,123,297.63,Operações,CC006
2022-03-10,55315.83,41816.32,13499.51,24.4,32.28,17022.04,486788.27,8034.85,123,339.97,RH,CC005
2022-03-11,50443.91,38473.4,11970.51,23.73,31.11,15915.79,485546.17,7782.53,123,312.79,Financeiro,CC002
2022-03-12,57091.32,36695.63,20395.69,35.72,55.58,20814.82,486339.21,9999.01,123,298.34,Marketing,CC001
2022-03-13,51714.85,35962.64,15752.21,30.46,43.8,22804.5,486278.73,8315.07,123,292.38,Financeiro,CC002
2022-03-14,58562.43,36222.67,22339.76,38.15,61.67,24388.57,486023.82,8771.59,123,294.49,Financeiro,CC008
2022-03-15,55277.48,36909.91,18367.58,33.23,49.76,14062.14,486073.5,10553.59,123,300.08,Financeiro,CC003
2022-03-16,49701.3,33056.42,16644.88,33.49,50.35,23661.73,484428.65,5283.98,123,268.75,P&D,CC003
2022-03-17,53846.81,37230.9,16615.91,30.86,44.63,20105.43,485192.15,11772.08,123,302.69,Vendas,CC007
2022-03-18,49167.82,36017.22,13150.59,26.75,36.51,10935.37,484450.76,9317.85,123,292.82,RH,CC001
2022-03-19,50528.5,35625.21,14903.28,29.49,41.83,12505.82,483795.31,8390.55,123,289.64,Operações,CC002
2022-03-20,48519.18,34703.73,13815.45,28.47,39.81,15298.33,484290.43,9079.95,123,282.14,Financeiro,CC007
2022-03-21,43749.16,33555.32,10193.85,23.3,30.38,12509.77,483816.07,9231.78,121,277.32,RH,CC005
2022-03-22,43743.23,34616.08,9127.16,20.87,26.37,10113.62,483811.59,5896.41,121,286.08,TI,CC006
2022-03-23,48338.66,34283.95,14054.71,29.08,41.0,15611.25,483996.52,12403.71,121,283.34,Operações,CC008
2022-03-24,44027.17,32305.34,11721.83,26.62,36.28,20221.62,483971.02,9554.38,121,266.99,TI,CC008
2022-03-25,43820.6,31866.25,11954.36,27.28,37.51,17312.07,483592.81,10418.2,121,263.36,Vendas,CC005
2022-03-26,42383.56,33304.12,9079.43,21.42,27.26,10032.61,483839.73,11498.05,121,275.24,Vendas,CC006
2022-03-27,46944.93,36368.54,10576.38,22.53,29.08,15282.94,482654.82,7617.36,121,300.57,Vendas,CC003
2022-03-28,52476.16,31038.08,21438.08,40.85,69.07,16275.46,483089.98,10673.03,121,256.51,P&D,CC004
2022-03-29,43862.83,30891.99,12970.84,29.57,41.99,14960.47,481722.96,9258.55,121,255.31,TI,CC003
2022-03-30,48043.38,34518.69,13524.69,28.15,39.18,22571.22,481835.22,11556.13,121,285.28,TI,CC002
2022-03-31,53201.56,34688.63,18512.93,34.8,53.37,17422.71,481477.83,5677.57,121,286.68,Vendas,CC005
2022-04-01,49765.58,35349.39,14416.2,28.97,40.78,10178.03,482161.54,9803.62,121,292.14,TI,CC002
2022-04-02,52401.23,35906.47,16494.77,31.48,45.94,13234.32,482309.98,8865.94,123,291.92,RH,CC007
2022-04-03,48851.11,35369.83,13481.28,27.6,38.12,8033.11,482219.68,11005.54,123,287.56,Marketing,CC001
2022-04-04,54228.51,39158.09,15070.41,27.79,38.49,11146.6,481914.16,11149.86,123,318.36,RH,CC001
2022-04-05,53159.0,33287.31,19871.69,37.38,59.7,18019.15,481521.76,8862.27,123,270.63,TI,CC007
2022-04-06,57292.08,35077.91,22214.16,38.77,63.33,15186.33,480905.95,8919.58,123,285.19,TI,CC002
2022-04-07,58322.25,36698.49,21623.76,37.08,58.92,21701.85,480383.01,10187.33,123,298.36,RH,CC001
2022-04-08,62746.16,33705.58,29040.58,46.28,86.16,33551.96,480831.14,8678.13,123,274.03,TI,CC003
2022-04-09,56716.42,36640.28,20076.14,35.4,54.79,15537.36,480294.32,12215.85,123,297.89,Vendas,CC008
2022-04-10,55737.63,40228.03,15509.6,27.83,38.55,23106.02,479611.32,9851.35,123,327.06,Administrativo,CC008
2022-04-11,54918.29,36776.83,18141.46,33.03,49.33,20695.42,480754.85,5000.0,123,299.0,Administrativo,CC007
2022-04-12,52661.29,36950.73,15710.56,29.83,42.52,20863.46,479399.47,9947.04,123,300.41,Administrativo,CC008
2022-04-13,53959.49,33658.31,20301.18,37.62,60.32,17012.01,480188.69,8668.1,125,269.27,Operações,CC005
2022-04-14,51152.64,34583.85,16568.79,32.39,47.91,20841.42,479759.12,7527.52,125,276.67,Marketing,CC006
2022-04-15,51550.15,34668.56,16881.59,32.75,48.69,11421.93,480037.0,8356.27,125,277.35,Marketing,CC007
2022-04-16,53958.05,34367.73,19590.33,36.31,57.0,24041.56,479873.35,11086.95,125,274.94,Operações,CC005
2022-04-17,45946.12,37150.65,8795.47,19.14,23.68,9654.67,479235.58,13558.2,125,297.21,Marketing,CC002
2022-04-18,51391.31,35305.13,16086.19,31.3,45.56,18852.44,479430.24,11555.7,125,282.44,TI,CC003
2022-04-19,51017.83,31604.76,19413.07,38.05,61.42,13535.1,479380.58,9740.21,125,252.84,P&D,CC003
2022-04-20,45935.53,34010.0,11925.53,25.96,35.06,7450.19,478365.45,11884.29,125,272.08,Vendas,CC001
2022-04-21,39309.82,34267.7,5042.12,12.83,14.71,8028.26,478222.98,10068.83,123,278.6,TI,CC004
2022-04-22,43426.81,35381.52,8045.29,18.53,22.74,3303.55,477820.85,9607.55,123,287.65,Vendas,CC002
2022-04-23,48923.99,36175.4,12748.58,26.06,35.24,15064.61,478295.27,8692.91,123,294.11,Financeiro,CC001
2022-04-24,44964.45,30984.16,13980.28,31.09,45.12,7144.59,478105.01,7498.0,123,251.9,RH,CC004
2022-04-25,42252.52,31479.6,10772.92,25.5,34.22,15013.79,476324.82,10216.96,123,255.93,RH,CC001
2022-04-26,44161.31,30756.25,13405.06,30.35,43.58,7242.44,477802.15,11303.22,123,250.05,Operações,CC004
2022-04-27,48811.95,33049.16,15762.79,32.29,47.69,18524.29,477735.8,10779.37,123,268.69,Vendas,CC008
2022-04-28,48707.14,34760.66,13946.47,28.63,40.12,17074.63,475601.69,10121.47,123,282.61,Financeiro,CC003
2022-04-29,47255.43,36164.74,11090.69,23.47,30.67,7606.83,476520.06,9038.06,123,294.02,Vendas,CC004
2022-04-30,47865.93,34435.85,13430.08,28.06,39.0,16340.21,477157.39,12117.67,123,279.97,TI,CC007
2022-05-01,48830.74,34363.91,14466.83,29.63,42.1,15769.04,475219.4,8234.17,123,279.38,RH,CC004
2022-05-02,48278.39,35722.98,12555.41,26.01,35.15,9861.2,475364.42,12383.52,123,290.43,RH,CC002
2022-05-03,56885.92,34146.85,22739.07,39.97,66.59,17696.29,474662.37,8786.02,123,277.62,TI,CC005
2022-05-04,51978.13,40358.35,11619.78,22.36,28.79,1806.65,475263.43,9240.74,123,328.12,Marketing,CC008
2022-05-05,57373.41,33274.7,24098.72,42.0,72.42,25846.97,475380.33,7763.57,123,270.53,Financeiro,CC003
2022-05-06,58900.34,37105.29,21795.05,37.0,58.74,13971.03,475250.43,9642.49,123,301.67,Marketing,CC008
2022-05-07,57756.53,40953.11,16803.41,29.09,41.03,17280.14,475223.55,12540.94,123,332.95,Administrativo,CC007
2022-05-08,53684.11,37006.46,16677.65,31.07,45.07,15360.41,474412.07,11563.72,123,300.87,TI,CC001
2022-05-09,56190.21,36612.81,19577.4,34.84,53.47,22973.11,474270.38,12428.88,123,297.67,Financeiro,CC002
2022-05-10,54689.16,36191.1,18498.06,33.82,51.11,16987.83,473622.43,11453.61,123,294.24,TI,CC003
2022-05-11,51625.53,36375.18,15250.36,29.54,41.93,13603.12,473346.82,8137.29,123,295.73,P&D,CC003
2022-05-12,54695.37,39235.92,15459.44,28.26,39.4,19118.79,473078.14,9616.68,123,318.99,Operações,CC008
2022-05-13,49408.42,31755.81,17652.61,35.73,55.59,19327.9,473710.84,8650.16,123,258.18,TI,CC008
2022-05-14,55603.38,38884.34,16719.05,30.07,43.0,18299.83,474086.66,12802.99,123,316.13,RH,CC008
2022-05-15,49652.42,32571.94,17080.48,34.4,52.44,19426.82,472920.58,7678.86,123,264.81,Administrativo,CC001
2022-05-16,50610.24,34470.75,16139.49,31.89,46.82,8461.63,472834.47,11790.1,123,280.25,Financeiro,CC008
2022-05-17,49817.12,33729.78,16087.34,32.29,47.69,19871.29,472376.94,11718.88,123,274.23,Marketing,CC004
2022-05-18,47196.47,35367.75,11828.71,25.06,33.44,14891.06,473345.47,13522.81,123,287.54,Administrativo,CC004
2022-05-19,48828.07,30632.33,18195.74,37.26,59.4,13112.32,471651.1,8975.48,123,249.04,Operações,CC005
2022-05-20,44866.53,34442.23,10424.29,23.23,30.27,9203.89,471223.21,11151.79,123,280.02,Operações,CC007
2022-05-21,48290.78,37320.78,10970.0,22.72,29.39,10773.47,472296.78,14224.09,123,303.42,Vendas,CC001
2022-05-22,41213.84,30375.78,10838.07,26.3,35.68,10165.58,471087.99,8360.81,123,246.96,Operações,CC006
2022-05-23,45413.64,33394.64,12019.01,26.47,35.99,13688.31,472369.78,6463.29,123,271.5,RH,CC001
2022-05-24,50851.34,31691.29,19160.05,37.68,60.46,26316.89,471715.85,5712.93,123,257.65,Administrativo,CC002
2022-05-25,42250.94,33953.99,8296.95,19.64,24.44,13705.78,472149.95,10840.52,123,276.05,Marketing,CC007
2022-05-26,43643.9,33310.6,10333.3,23.68,31.02,3772.2,470271.55,5593.82,123,270.82,Marketing,CC007
2022-05-27,47833.31,32235.13,15598.19,32.61,48.39,18708.54,470074.44,8563.63,123,262.07,TI,CC008
2022-05-28,47607.18,34804.59,12802.59,26.89,36.78,19447.26,471211.88,10134.43,123,282.96,Operações,CC005
2022-05-29,49025.62,37799.67,11225.95,22.9,29.7,13159.99,471120.31,9585.31,123,307.31,Marketing,CC001
2022-05-30,50435.47,34206.85,16228.62,32.18,47.44,21683.52,470987.16,10024.84,123,278.1,Financeiro,CC008
2022-05-31,51911.68,36444.02,15467.65,29.8,42.44,25529.01,470390.78,9581.56,123,296.29,RH,CC007
2022-06-01,54376.22,32833.82,21542.41,39.62,65.61,26660.95,470660.62,11661.96,123,266.94,Administrativo,CC008
2022-06-02,53270.75,33905.17,19365.58,36.35,57.12,20612.13,469846.5,7171.23,123,275.65,TI,CC008
2022-06-03,52222.82,37124.98,15097.84,28.91,40.67,20323.28,469308.79,7698.02,123,301.83,Marketing,CC004
2022-06-04,55741.16,39459.15,16282.01,29.21,41.26,17006.45,469048.25,7487.47,123,320.81,Operações,CC001
2022-06-05,60037.54,37447.94,22589.6,37.63,60.32,22709.12,469640.14,10678.68,123,304.45,Operações,CC001
2022-06-06,54365.2,36280.69,18084.51,33.26,49.85,16327.44,468569.43,10809.4,123,294.96,RH,CC007
2022-06-07,52056.89,36992.35,15064.54,28.94,40.72,22881.61,468051.48,9906.21,123,300.75,TI,CC006
2022-06-08,58301.77,34492.98,23808.79,40.84,69.03,19716.65,468249.54,11370.76,123,280.43,Administrativo,CC002
2022-06-09,54402.11,38115.92,16286.18,29.94,42.73,23948.02,467214.86,6652.58,123,309.89,RH,CC005
2022-06-10,47820.13,38501.53,9318.61,19.49,24.2,11817.93,467996.31,12352.85,123,313.02,RH,CC007
2022-06-11,56266.06,35586.95,20679.11,36.75,58.11,13682.58,468261.83,12079.41,123,289.32,Operações,CC008
2022-06-12,51341.06,35240.36,16100.7,31.36,45.69,17938.95,468024.26,10523.43,123,286.51,Financeiro,CC002
2022-06-13,51770.25,36350.13,15420.12,29.79,42.42,4919.99,466938.5,12639.68,123,295.53,P&D,CC008
2022-06-14,52043.72,34547.31,17496.4,33.62,50.64,20623.94,468053.13,5791.25,123,280.87,Vendas,CC006
2022-06-15,50579.77,34872.69,15707.07,31.05,45.04,20133.23,467152.7,8088.38,123,283.52,P&D,CC008
2022-06-16,51097.11,38788.61,12308.5,24.09,31.73,9346.72,465866.92,7703.68,123,315.35,Financeiro,CC007
2022-06-17,46668.22,33697.5,12970.73,27.79,38.49,13588.47,465675.73,10658.29,123,273.96,Administrativo,CC001
2022-06-18,48608.81,33112.8,15496.01,31.88,46.8,25266.8,466366.54,7159.94,123,269.21,Financeiro,CC003
2022-06-19,45514.1,32223.71,13290.4,29.2,41.24,10761.66,465937.16,10823.72,123,261.98,Operações,CC005
2022-06-20,47894.82,34761.44,13133.38,27.42,37.78,7838.84,466160.54,12101.69,123,282.61,RH,CC004
2022-06-21,47099.39,32740.58,14358.81,30.49,43.86,21767.13,466723.48,10806.05,123,266.18,Vendas,CC008
2022-06-22,42229.69,31717.38,10512.31,24.89,33.14,20325.25,464760.13,10041.03,123,257.86,Administrativo,CC006
2022-06-23,48294.0,35658.76,12635.24,26.16,35.43,12653.72,465860.37,7558.25,123,289.91,TI,CC008
2022-06-24,43645.54,35942.32,7703.22,17.65,21.43,12760.54,465252.82,7903.05,123,292.21,Financeiro,CC004
2022-06-25,48102.81,32072.36,16030.45,33.33,49.98,22737.83,465718.7,12160.72,123,260.75,P&D,CC004
2022-06-26,47394.96,29785.92,17609.03,37.15,59.12,13896.61,465301.16,11286.59,123,242.16,Administrativo,CC006
2022-06-27,52584.49,35844.78,16739.71,31.83,46.7,14313.19,464158.84,9717.6,123,291.42,P&D,CC008
2022-06-28,47304.84,32822.62,14482.22,30.61,44.12,20636.59,464433.9,9028.57,125,262.58,Operações,CC003
2022-06-29,47921.46,36170.81,11750.65,24.52,32.49,20175.72,464246.71,5882.21,125,289.37,RH,CC005
2022-06-30,49950.76,31065.2,18885.56,37.81,60.79,21699.96,464220.14,7861.9,125,248.52,RH,CC007
2022-07-01,50139.09,37206.46,12932.63,25.79,34.76,8533.56,463290.46,13896.22,125,297.65,TI,CC007
2022-07-02,54442.63,33396.6,21046.03,38.66,63.02,30981.33,463861.33,7581.91,125,267.17,Marketing,CC006
2022-07-03,48099.16,37642.6,10456.56,21.74,27.78,7801.71,463727.47,10590.54,125,301.14,Administrativo,CC008
2022-07-04,50563.9,36520.37,14043.53,27.77,38.45,12367.84,463537.43,12294.21,125,292.16,RH,CC003
2022-07-05,51135.99,34829.73,16306.25,31.89,46.82,18017.94,463368.15,7835.88,125,278.64,Operações,CC004
2022-07-06,57615.52,36093.63,21521.89,37.35,59.63,29292.69,462878.39,10779.89,125,288.75,Operações,CC005
2022-07-07,60113.82,38367.3,21746.52,36.18,56.68,26016.4,462759.26,12349.05,125,306.94,P&D,CC002
2022-07-08,54668.68,37206.48,17462.2,31.94,46.93,19536.52,462626.08,10558.69,125,297.65,Operações,CC008
2022-07-09,54258.29,38076.62,16181.67,29.82,42.5,18498.11,463007.17,16328.38,125,304.61,Administrativo,CC003
2022-07-10,54549.8,40690.64,13859.16,25.41,34.06,14076.73,462070.07,7309.4,125,325.53,RH,CC003
2022-07-11,57210.93,33363.55,23847.38,41.68,71.48,26638.08,460821.57,12815.94,125,266.91,Administrativo,CC004
2022-07-12,50166.49,39415.77,10750.72,21.43,27.28,-1897.08,461508.07,10401.39,125,315.33,Marketing,CC003
2022-07-13,52758.46,36027.99,16730.47,31.71,46.44,15247.44,462212.11,12335.72,125,288.22,P&D,CC008
2022-07-14,53974.87,33624.09,20350.78,37.7,60.52,21557.39,461347.93,11715.54,125,268.99,Administrativo,CC002
2022-07-15,51513.05,32345.23,19167.82,37.21,59.26,13412.75,460663.03,9403.62,125,258.76,Vendas,CC007
2022-07-16,49539.01,34211.83,15327.18,30.94,44.8,17258.8,460505.83,11360.71,125,273.69,Administrativo,CC008
2022-07-17,50979.32,36035.75,14943.58,29.31,41.47,13921.22,461555.52,7215.33,125,288.29,Operações,CC005
2022-07-18,38961.3,33575.28,5386.01,13.82,16.04,14163.39,459989.24,12161.52,125,268.6,Financeiro,CC004
2022-07-19,48327.87,36542.0,11785.87,24.39,32.25,19650.97,459535.02,11570.6,125,292.34,Financeiro,CC004
2022-07-20,43717.67,30371.61,13346.06,30.53,43.94,11017.03,460390.1,12266.14,125,242.97,RH,CC001
2022-07-21,39762.89,33079.75,6683.14,16.81,20.2,5928.95,459995.27,13114.79,125,264.64,RH,CC001
2022-07-22,46571.12,30512.24,16058.88,34.48,52.63,15689.14,459208.14,11738.68,125,244.1,Vendas,CC006
2022-07-23,49158.54,33744.32,15414.21,31.36,45.68,13155.92,459970.04,11299.64,125,269.95,Administrativo,CC005
2022-07-24,44842.59,34877.79,9964.8,22.22,28.57,10939.92,458720.89,9236.47,125,279.02,P&D,CC006
2022-07-25,48538.77,32432.59,16106.18,33.18,49.66,12314.77,459258.6,9564.47,125,259.46,Operações,CC003
2022-07-26,51131.43,28311.48,22819.96,44.63,80.6,17166.88,458956.28,13347.89,125,226.49,P&D,CC003
2022-07-27,51016.19,34228.55,16787.64,32.91,49.05,19901.2,458745.72,13827.88,125,273.83,Vendas,CC001
2022-07-28,52896.63,35066.26,17830.37,33.71,50.85,20978.02,458712.64,10455.13,125,280.53,Operações,CC002
2022-07-29,51197.29,35399.05,15798.25,30.86,44.63,11776.67,457783.51,10994.99,125,283.19,Operações,CC006
2022-07-30,50236.82,37477.88,12758.94,25.4,34.04,17235.72,458474.76,9061.01,125,299.82,P&D,CC007
2022-07-31,46244.23,33280.06,12964.17,28.03,38.95,9806.28,456854.6,13178.78,125,266.24,Vendas,CC002
2022-08-01,51306.12,37180.28,14125.84,27.53,37.99,15391.66,457569.52,12123.09,125,297.44,Financeiro,CC004
2022-08-02,50419.86,38566.99,11852.87,23.51,30.73,15954.59,456653.64,14629.85,125,308.54,Vendas,CC002
2022-08-03,60239.27,32935.55,27303.73,45.33,82.9,27135.66,456353.72,8942.3,125,263.48,Vendas,CC004
2022-08-04,53813.24,37377.82,16435.42,30.54,43.97,18709.13,457567.53,9891.08,125,299.02,Marketing,CC008
2022-08-05,55135.72,35900.25,19235.47,34.89,53.58,16653.32,456304.1,11055.01,125,287.2,TI,CC005
2022-08-06,56637.94,36832.52,19805.42,34.97,53.77,18823.08,456831.6,11827.25,125,294.66,Operações,CC006
2022-08-07,55114.34,37690.95,17423.39,31.61,46.23,16394.09,455950.43,10042.51,125,301.53,Marketing,CC006
2022-08-08,59851.41,35934.24,23917.17,39.96,66.56,20184.28,455713.91,8665.2,125,287.47,RH,CC001
2022-08-09,52473.2,35387.25,17085.95,32.56,48.28,16202.08,456482.86,12109.24,125,283.1,TI,CC005
2022-08-10,54310.62,36561.24,17749.38,32.68,48.55,10006.29,456007.64,11722.34,125,292.49,Marketing,CC003
2022-08-11,50722.64,34007.75,16714.88,32.95,49.15,14259.12,456420.26,8379.81,125,272.06,RH,CC002
2022-08-12,48084.79,33648.53,14436.26,30.02,42.9,13011.88,455877.93,12854.53,125,269.19,P&D,CC001
2022-08-13,49215.47,36781.3,12434.17,25.26,33.81,11153.27,455518.31,12414.64,125,294.25,Administrativo,CC008
2022-08-14,49900.16,32709.18,17190.99,34.45,52.56,15983.5,454739.53,10273.1,125,261.67,Marketing,CC008
2022-08-15,47683.86,35923.6,11760.26,24.66,32.74,11451.44,454150.8,10093.97,125,287.39,Marketing,CC002
2022-08-16,45900.43,35118.53,10781.89,23.49,30.7,13179.1,455165.06,10973.49,125,280.95,Operações,CC002
2022-08-17,42853.54,30379.67,12473.87,29.11,41.06,16846.46,453872.39,8073.25,125,243.04,Financeiro,CC002
2022-08-18,46046.43,32165.46,13880.97,30.15,43.15,10632.14,453561.62,9789.01,125,257.32,Marketing,CC001
2022-08-19,41167.23,35663.08,5504.15,13.37,15.43,-511.85,454054.78,5357.82,125,285.3,Administrativo,CC002
2022-08-20,47536.46,31142.5,16393.96,34.49,52.64,11183.74,452866.18,11350.8,125,249.14,Marketing,CC003
2022-08-21,45286.33,32089.12,13197.21,29.14,41.13,10761.2,454568.14,6412.19,125,256.71,TI,CC002
2022-08-22,40666.41,33942.08,6724.33,16.54,19.81,4964.72,454334.69,12481.59,125,271.54,TI,CC004
2022-08-23,44328.81,34671.7,9657.11,21.79,27.85,5807.13,453391.09,8756.66,125,277.37,RH,CC006
2022-08-24,43425.18,32771.94,10653.24,24.53,32.51,4172.66,453643.45,8938.59,125,262.18,Administrativo,CC003
2022-08-25,47253.62,32325.78,14927.84,31.59,46.18,12647.23,453475.23,8054.6,125,258.61,RH,CC005
2022-08-26,51094.3,36676.29,14418.01,28.22,39.31,15325.14,453105.52,8685.53,125,293.41,Administrativo,CC008
2022-08-27,42352.72,37671.48,4681.24,11.05,12.43,7656.39,452225.9,12053.82,125,301.37,P&D,CC008
2022-08-28,49317.49,36549.08,12768.42,25.89,34.93,9981.3,451966.33,5000.0,128,285.54,Marketing,CC002
2022-08-29,49531.63,35177.85,14353.77,28.98,40.8,12288.79,452321.33,11692.71,128,274.83,P&D,CC003
2022-08-30,53065.65,33806.54,19259.12,36.29,56.97,14625.62,452252.0,9782.08,128,264.11,Administrativo,CC006
2022-08-31,52685.4,34159.86,18525.54,35.16,54.23,18368.34,450934.57,6663.62,128,266.87,Operações,CC006
2022-09-01,50695.19,37227.9,13467.29,26.57,36.18,9225.15,451555.51,6903.19,128,290.84,Financeiro,CC003
2022-09-02,52770.79,37330.42,15440.37,29.26,41.36,18306.01,451883.67,12387.38,128,291.64,RH,CC002
2022-09-03,51954.32,39542.61,12411.71,23.89,31.39,3482.38,450108.65,7129.09,128,308.93,Operações,CC004
2022-09-04,57995.63,38210.41,19785.22,34.12,51.78,17987.07,450328.79,6703.71,128,298.52,Vendas,CC008
2022-09-05,55048.92,33990.31,21058.61,38.25,61.95,22564.15,451239.06,11280.19,128,265.55,Financeiro,CC007
2022-09-06,60688.61,39100.39,21588.21,35.57,55.21,22507.39,449505.05,9682.68,128,305.47,TI,CC001
2022-09-07,54585.78,34913.48,19672.3,36.04,56.35,33137.47,450128.03,7134.62,128,272.76,Marketing,CC004
2022-09-08,52217.43,35971.62,16245.81,31.11,45.16,17994.81,449952.46,9453.45,128,281.03,TI,CC008
2022-09-09,49187.16,36994.24,12192.92,24.79,32.96,7172.65,449752.53,6983.23,128,289.02,RH,CC006
2022-09-10,47542.13,40174.48,7367.65,15.5,18.34,6890.33,450496.5,11255.64,128,313.86,Financeiro,CC005
2022-09-11,47293.95,42040.92,5253.04,11.11,12.5,-3628.2,450244.92,11200.63,128,328.44,Administrativo,CC003
2022-09-12,51853.66,36636.9,15216.76,29.35,41.53,14813.76,448667.32,10170.31,128,286.23,Operações,CC002
2022-09-13,51538.95,34641.27,16897.68,32.79,48.78,12732.4,449367.02,9862.41,128,270.63,P&D,CC005
2022-09-14,44229.7,35660.88,8568.81,19.37,24.03,13145.76,448580.14,12698.47,128,278.6,TI,CC006
2022-09-15,50664.31,35969.56,14694.74,29.0,40.85,11947.04,448125.25,9216.51,128,281.01,Financeiro,CC007
2022-09-16,45624.82,33190.85,12433.97,27.25,37.46,11850.14,448460.88,6898.28,128,259.3,TI,CC006
2022-09-17,46737.63,37111.92,9625.71,20.6,25.94,6447.92,448069.47,10209.48,128,289.94,Operações,CC004
2022-09-18,50519.56,33735.91,16783.65,33.22,49.75,25477.91,447577.58,13534.52,128,263.56,Vendas,CC003
2022-09-19,47948.31,34101.22,13847.09,28.88,40.61,12240.88,448394.62,7387.93,128,266.42,Vendas,CC007
2022-09-20,44234.92,34350.68,9884.24,22.34,28.77,19047.03,447364.01,8752.41,128,268.36,Vendas,CC004
2022-09-21,42366.99,33862.04,8504.95,20.07,25.12,12575.71,447031.38,10368.69,128,264.55,Administrativo,CC003
2022-09-22,38802.5,34783.7,4018.79,10.36,11.55,6429.13,447260.51,9490.74,128,271.75,Operações,CC007
2022-09-23,43525.69,32041.41,11484.28,26.39,35.84,13327.95,447911.74,7698.68,128,250.32,RH,CC007
2022-09-24,45664.21,32405.1,13259.11,29.04,40.92,15228.1,445994.73,11973.41,128,253.16,Operações,CC007
2022-09-25,44112.91,31632.15,12480.76,28.29,39.46,2842.4,446662.59,14437.52,128,247.13,TI,CC008
2022-09-26,47585.97,35073.59,12512.39,26.29,35.67,11117.97,446107.66,10258.46,131,267.74,Marketing,CC006
2022-09-27,49204.47,36150.14,13054.34,26.53,36.11,17280.13,446888.48,8127.5,131,275.96,Administrativo,CC001
2022-09-28,49338.96,35923.66,13415.3,27.19,37.34,13170.81,446220.97,6907.49,131,274.23,Financeiro,CC008
2022-09-29,49103.13,38772.95,10330.17,21.04,26.64,3304.22,446104.13,10591.14,131,295.98,RH,CC003
2022-09-30,52553.27,35810.46,16742.82,31.86,46.75,16480.79,445145.18,12352.38,131,273.36,Vendas,CC001
2022-10-01,54278.43,37521.26,16757.17,30.87,44.66,25277.69,444940.65,11163.72,131,286.42,RH,CC002
2022-10-02,50458.25,34311.12,16147.13,32.0,47.06,22381.59,445804.63,10276.32,131,261.92,Operações,CC002
2022-10-03,58576.7,35966.12,22610.58,38.6,62.87,22300.56,444510.69,9168.99,131,274.55,Operações,CC006
2022-10-04,54473.35,38301.49,16171.86,29.69,42.22,20929.11,444968.35,8227.94,131,292.38,Marketing,CC006
2022-10-05,55043.04,38695.57,16347.46,29.7,42.25,14514.93,444522.22,12144.53,131,295.39,Administrativo,CC007
2022-10-06,57111.18,36409.47,20701.71,36.25,56.86,12182.36,444750.58,12363.03,131,277.93,Operações,CC003
2022-10-07,55468.91,36767.3,18701.61,33.72,50.86,14079.28,443683.59,7501.92,131,280.67,Administrativo,CC007
2022-10-08,57203.56,33704.72,23498.84,41.08,69.72,31313.29,444343.78,13828.08,131,257.29,P&D,CC001
2022-10-09,54591.17,35780.68,18810.5,34.46,52.57,17440.53,444340.99,11848.43,131,273.13,Financeiro,CC007
2022-10-10,51115.74,37964.81,13150.93,25.73,34.64,11934.01,443639.9,13547.99,131,289.81,TI,CC001
2022-10-11,53132.37,36972.39,16159.98,30.41,43.71,14660.79,443755.44,8109.43,132,280.09,RH,CC003
2022-10-12,47622.61,36425.69,11196.92,23.51,30.74,20717.6,444186.43,8103.08,132,275.95,Vendas,CC001
2022-10-13,50339.96,35108.11,15231.84,30.26,43.39,23361.64,442626.54,10573.8,132,265.97,Operações,CC005
2022-10-14,48875.08,34606.9,14268.18,29.19,41.23,25362.08,441821.16,11910.09,132,262.17,Marketing,CC007
2022-10-15,47356.34,32874.51,14481.83,30.58,44.05,13686.61,441616.95,14525.66,132,249.05,Financeiro,CC007
2022-10-16,46689.89,35230.74,11459.15,24.54,32.53,12937.27,441535.9,12368.99,132,266.9,Financeiro,CC005
2022-10-17,40653.21,34364.34,6288.86,15.47,18.3,-1294.35,442022.5,10490.72,132,260.34,RH,CC006
2022-10-18,44038.23,34260.7,9777.52,22.2,28.54,17162.2,442050.53,8937.88,132,259.55,TI,CC006
2022-10-19,45537.83,32054.56,13483.27,29.61,42.06,7644.37,442171.0,13460.35,132,242.84,RH,CC001
2022-10-20,45521.59,28713.05,16808.54,36.92,58.54,17892.42,441303.03,9075.83,132,217.52,Marketing,CC005
2022-10-21,41959.04,35214.07,6744.98,16.08,19.15,1258.46,441850.5,14262.2,132,266.77,P&D,CC003
2022-10-22,49056.57,32149.05,16907.52,34.47,52.59,13963.19,440703.79,10431.64,132,243.55,Operações,CC007
2022-10-23,43086.13,31551.27,11534.86,26.77,36.56,7348.55,440068.08,14171.88,132,239.02,Marketing,CC008
2022-10-24,49207.48,34909.57,14297.91,29.06,40.96,11258.53,441038.79,12334.09,132,264.47,TI,CC004
2022-10-25,48357.54,33049.33,15308.2,31.66,46.32,12612.59,439713.76,10683.02,132,250.37,RH,CC008
2022-10-26,46042.56,36315.36,9727.21,21.13,26.79,6985.86,440588.28,9894.36,132,275.12,TI,CC006
2022-10-27,54301.35,35827.18,18474.18,34.02,51.56,22640.85,440987.93,10222.97,132,271.42,Financeiro,CC007
2022-10-28,46434.12,36376.16,10057.96,21.66,27.65,4533.65,439433.65,11728.67,132,275.58,Vendas,CC004
2022-10-29,53812.1,32692.96,21119.14,39.25,64.6,22221.85,439998.77,10989.38,132,247.67,Vendas,CC005
2022-10-30,55050.56,38246.44,16804.12,30.52,43.94,22893.92,438843.58,9606.44,132,289.75,P&D,CC002
2022-10-31,50942.25,36707.18,14235.07,27.94,38.78,11669.08,440315.59,10417.95,132,278.08,Financeiro,CC001
2022-11-01,57908.35,35756.87,22151.48,38.25,61.95,18561.88,438372.77,10857.9,132,270.89,P&D,CC006
2022-11-02,53595.27,37028.0,16567.27,30.91,44.74,15414.65,439209.37,6391.43,132,280.52,Vendas,CC007
2022-11-03,55636.69,33358.84,22277.85,40.04,66.78,28176.48,438551.92,11510.25,132,252.72,RH,CC003
2022-11-04,55768.96,37815.58,17953.38,32.19,47.48,18923.92,439127.72,8576.63,132,286.48,Administrativo,CC005
2022-11-05,54585.11,34939.56,19645.55,35.99,56.23,16989.48,438695.81,8168.98,132,264.69,Operações,CC004
2022-11-06,57203.19,34206.06,22997.13,40.2,67.23,25416.51,438806.4,7038.24,132,259.14,TI,CC002
2022-11-07,56726.12,33696.65,23029.47,40.6,68.34,17518.01,437369.54,6760.45,132,255.28,Marketing,CC005
2022-11-08,48485.71,38721.02,9764.69,20.14,25.22,13171.49,437021.69,7570.97,132,293.34,Marketing,CC006
2022-11-09,56867.58,34926.42,21941.16,38.58,62.82,23984.19,436968.53,8796.12,132,264.59,P&D,CC003
2022-11-10,47061.89,38890.34,8171.55,17.36,21.01,6632.51,436989.14,14051.96,132,294.62,Administrativo,CC001
2022-11-11,54152.93,34353.66,19799.27,36.56,57.63,15606.34,437520.96,9024.29,132,260.25,P&D,CC001
2022-11-12,53395.9,31594.75,21801.14,40.83,69.0,17367.74,436151.43,10361.81,132,239.35,RH,CC005
2022-11-13,45703.37,32360.63,13342.75,29.19,41.23,16016.83,436706.89,10737.54,132,245.16,TI,CC004
2022-11-14,46749.76,36667.68,10082.08,21.57,27.5,16226.98,437590.49,10129.31,132,277.79,Financeiro,CC005
2022-11-15,43759.89,33522.19,10237.7,23.4,30.54,7051.16,436938.72,9643.57,132,253.96,Financeiro,CC007
2022-11-16,45655.49,32426.72,13228.77,28.98,40.8,15520.7,436584.44,7340.17,132,245.66,P&D,CC002
2022-11-17,44761.8,33597.6,11164.2,24.94,33.23,729.06,436335.16,12566.25,132,254.53,Operações,CC001
2022-11-18,47599.78,34111.1,13488.68,28.34,39.54,10565.59,436340.24,13214.09,132,258.42,P&D,CC006
2022-11-19,48974.45,35255.43,13719.02,28.01,38.91,13563.72,435114.67,6171.66,132,267.09,TI,CC005
2022-11-20,49230.62,35917.66,13312.96,27.04,37.07,8764.54,435961.46,7428.5,132,272.1,Operações,CC006
2022-11-21,43574.45,32388.09,11186.36,25.67,34.54,6503.82,434754.57,8859.09,130,249.14,Administrativo,CC002
2022-11-22,45058.49,30625.62,14432.87,32.03,47.13,11093.97,434124.77,7434.65,130,235.58,Marketing,CC001
2022-11-23,41250.29,32696.58,8553.71,20.74,26.16,10014.68,434577.18,10323.81,130,251.51,RH,CC002
2022-11-24,44659.85,34354.82,10305.03,23.07,30.0,9368.38,435591.92,7806.86,130,264.27,TI,CC008
2022-11-25,50877.3,32268.87,18608.44,36.58,57.67,7417.28,433916.48,13548.67,130,248.22,P&D,CC005
2022-11-26,53823.67,32679.76,21143.91,39.28,64.7,10540.41,434825.6,11558.65,130,251.38,RH,CC001
2022-11-27,46313.49,35697.5,10615.99,22.92,29.74,7581.66,433355.86,9565.74,130,274.6,RH,CC008
2022-11-28,49278.75,35328.47,13950.28,28.31,39.49,16238.71,432938.8,11161.81,130,271.76,Administrativo,CC006
2022-11-29,51971.1,35889.05,16082.05,30.94,44.81,2344.53,434558.84,11291.27,130,276.07,Vendas,CC004
2022-11-30,53796.09,34668.59,19127.5,35.56,55.17,16628.85,432801.34,7927.72,130,266.68,Vendas,CC004
2022-12-01,51303.65,36035.53,15268.12,29.76,42.37,12636.88,432985.27,7403.96,130,277.2,Administrativo,CC006
2022-12-02,55619.09,34893.65,20725.44,37.26,59.4,27667.13,433290.97,9178.19,131,266.36,Marketing,CC005
2022-12-03,53350.6,38692.61,14657.99,27.47,37.88,12732.88,432016.86,10735.48,131,295.36,Financeiro,CC005
2022-12-04,54946.14,39069.67,15876.46,28.89,40.64,17791.41,432681.26,9285.48,131,298.24,Administrativo,CC003
2022-12-05,56628.4,33306.83,23321.57,41.18,70.02,24027.85,432262.51,5853.39,131,254.25,Operações,CC007
2022-12-06,54791.53,35053.28,19738.25,36.02,56.31,9085.42,432427.93,7406.62,131,267.58,P&D,CC004
2022-12-07,53038.0,33749.21,19288.79,36.37,57.15,23129.83,431212.5,8874.06,131,257.63,Vendas,CC002
2022-12-08,53403.98,35196.49,18207.49,34.09,51.73,19284.47,431683.16,8885.21,131,268.68,RH,CC006
2022-12-09,52690.97,36018.98,16672.0,31.64,46.29,19213.34,431117.99,13000.88,131,274.95,RH,CC004
2022-12-10,50940.83,32924.49,18016.34,35.37,54.72,37647.53,430469.72,6307.71,131,251.33,Operações,CC006
2022-12-11,50280.4,33582.44,16697.96,33.21,49.72,6277.4,430340.82,10119.28,131,256.35,P&D,CC008
2022-12-12,54813.23,33002.46,21810.77,39.79,66.09,30434.25,431455.09,12119.11,131,251.93,Marketing,CC002
2022-12-13,50660.53,35009.11,15651.42,30.89,44.71,14214.18,431354.47,13720.8,131,267.25,TI,CC003
2022-12-14,47097.26,34335.65,12761.61,27.1,37.17,14198.26,429637.53,8410.15,131,262.1,P&D,CC007
2022-12-15,49169.37,32391.42,16777.96,34.12,51.8,16550.4,430395.4,10246.69,132,245.39,Marketing,CC007
2022-12-16,45300.3,33877.84,11422.46,25.21,33.72,9301.28,430505.73,10451.86,132,256.65,Vendas,CC002
2022-12-17,49206.78,32185.11,17021.67,34.59,52.89,14172.51,429001.74,9755.19,132,243.83,RH,CC002
2022-12-18,46371.23,32565.13,13806.1,29.77,42.4,15453.64,428875.67,9221.56,132,246.71,Financeiro,CC001
2022-12-19,44723.12,36368.44,8354.68,18.68,22.97,768.81,429380.97,10349.09,132,275.52,Financeiro,CC007
2022-12-20,46388.23,35702.49,10685.74,23.04,29.93,14438.63,428703.21,5000.0,132,270.47,Marketing,CC003
2022-12-21,40549.82,30509.37,10040.46,24.76,32.91,7959.49,428859.66,10964.5,132,231.13,Administrativo,CC008
2022-12-22,42307.36,34938.09,7369.27,17.42,21.09,1718.92,428782.66,9917.45,132,264.68,Administrativo,CC004
2022-12-23,42720.34,35147.2,7573.13,17.73,21.55,5323.07,427807.41,9286.55,132,266.27,Administrativo,CC008
2022-12-24,47507.79,31538.63,15969.15,33.61,50.63,22254.9,429015.21,13892.97,132,238.93,Operações,CC002
2022-12-25,53181.8,35834.84,17346.95,32.62,48.41,14670.28,428941.98,8518.13,132,271.48,Operações,CC006
2022-12-26,55672.33,37670.83,18001.5,32.33,47.79,19793.76,428156.28,9131.29,132,285.39,Financeiro,CC007
2022-12-27,51932.19,32765.73,19166.46,36.91,58.5,15511.68,427807.83,13990.32,132,248.23,RH,CC007
2022-12-28,52560.18,33591.67,18968.51,36.09,56.47,22758.12,428255.53,8412.87,132,254.48,P&D,CC005
2022-12-29,46648.65,37859.68,8788.97,18.84,23.21,12216.51,428224.55,9046.2,132,286.82,RH,CC008
2022-12-30,51329.09,36729.47,14599.62,28.44,39.75,23842.66,426540.2,9921.14,132,278.25,Administrativo,CC007
2022-12-31,51370.61,37600.18,13770.43,26.81,36.62,12892.61,426651.69,11964.4,132,284.85,Administrativo,CC008
2023-01-01,52485.87,37424.2,15061.67,28.7,40.25,18404.94,426768.85,10764.94,132,283.52,Operações,CC008
2023-01-02,54269.19,37694.51,16574.68,30.54,43.97,17065.02,427178.52,7828.82,132,285.56,Administrativo,CC007
2023-01-03,53574.72,34347.13,19227.59,35.89,55.98,25706.95,427159.66,9412.49,132,260.21,RH,CC003
2023-01-04,49053.15,39094.74,9958.41,20.3,25.47,6364.24,425642.41,9322.59,132,296.17,P&D,CC003
2023-01-05,57017.5,39252.39,17765.12,31.16,45.26,21490.14,426270.61,10440.74,132,297.37,RH,CC003
2023-01-06,51130.44,36284.39,14846.04,29.04,40.92,13872.56,426983.2,11501.89,132,274.88,P&D,CC008
2023-01-07,54452.05,36410.49,18041.56,33.13,49.55,17720.62,425466.88,11538.5,132,275.84,Vendas,CC008
2023-01-08,59179.81,33124.54,26055.27,44.03,78.66,26514.04,425205.66,7198.58,132,250.94,Operações,CC003
2023-01-09,49294.22,36853.2,12441.02,25.24,33.76,13702.22,424510.39,12923.37,132,279.19,Operações,CC002
2023-01-10,43467.43,36571.18,6896.25,15.87,18.86,6315.11,426194.03,11341.67,132,277.05,Administrativo,CC004
2023-01-11,49160.77,34886.89,14273.88,29.04,40.91,15347.45,425294.15,13642.6,132,264.29,Financeiro,CC008
2023-01-12,52282.16,36844.19,15437.97,29.53,41.9,23328.56,424530.71,11794.73,132,279.12,Administrativo,CC008
2023-01-13,53860.25,33529.7,20330.54,37.75,60.63,25257.79,425306.68,13137.38,135,248.37,TI,CC001
2023-01-14,43391.36,34965.0,8426.36,19.42,24.1,12772.13,424080.13,11891.72,135,259.0,Financeiro,CC003
2023-01-15,47793.36,31485.77,16307.59,34.12,51.79,14029.89,424882.36,13670.34,135,233.23,Marketing,CC006
2023-01-16,44292.98,33232.27,11060.71,24.97,33.28,6614.51,424520.91,12036.92,135,246.16,Vendas,CC002
2023-01-17,44945.96,32760.63,12185.33,27.11,37.2,16961.83,423379.92,10806.33,135,242.67,Financeiro,CC007
2023-01-18,52979.56,33473.06,19506.5,36.82,58.28,23886.74,423006.24,15551.92,135,247.95,P&D,CC002
2023-01-19,40537.67,32283.42,8254.25,20.36,25.57,15617.61,423508.95,12785.14,135,239.14,TI,CC002
2023-01-20,46025.17,32846.48,13178.69,28.63,40.12,10158.79,424135.03,12149.71,135,243.31,RH,CC006
2023-01-21,47092.24,34931.62,12160.62,25.82,34.81,11012.88,423321.47,8439.91,135,258.75,Administrativo,CC005
2023-01-22,49560.97,32651.79,16909.19,34.12,51.79,8711.77,422397.74,8401.42,135,241.87,RH,CC001
2023-01-23,47374.41,30622.91,16751.5,35.36,54.7,14789.15,422380.21,11544.24,135,226.84,RH,CC003
2023-01-24,48909.91,37697.36,11212.55,22.92,29.74,16195.4,421613.54,11226.0,135,279.24,Operações,CC002
2023-01-25,47804.98,37358.78,10446.21,21.85,27.96,8113.73,422577.69,9678.34,135,276.73,Marketing,CC006
2023-01-26,50826.92,32427.2,18399.72,36.2,56.74,21602.12,421973.01,11155.81,135,240.2,Marketing,CC005
2023-01-27,50029.57,36806.99,13222.58,26.43,35.92,12270.06,422570.43,14014.13,135,272.64,Vendas,CC006
2023-01-28,53918.04,34819.31,19098.73,35.42,54.85,20719.02,421475.97,12186.67,135,257.92,Vendas,CC005
2023-01-29,51849.78,36714.36,15135.43,29.19,41.22,9396.97,420778.93,8469.0,135,271.96,TI,CC005
2023-01-30,54866.76,37086.58,17780.18,32.41,47.94,18206.23,420271.4,10479.54,135,274.72,Administrativo,CC008
2023-01-31,54262.13,36275.11,17987.02,33.15,49.59,3031.34,420050.73,9040.77,135,268.7,Financeiro,CC001
2023-02-01,58153.27,35346.49,22806.79,39.22,64.52,21872.31,421792.77,9820.32,135,261.83,TI,CC003
2023-02-02,54838.32,35619.9,19218.42,35.05,53.95,11066.06,420076.97,9710.64,135,263.85,Vendas,CC003
2023-02-03,49673.45,35168.62,14504.83,29.2,41.24,20534.8,420177.54,9522.16,136,258.59,Vendas,CC007
2023-02-04,58561.04,35250.46,23310.57,39.81,66.13,27197.61,420785.48,7904.46,136,259.19,Operações,CC001
2023-02-05,51632.97,36609.72,15023.25,29.1,41.04,17356.61,420286.82,10094.73,136,269.19,RH,CC005
2023-02-06,51774.52,35066.82,16707.69,32.27,47.65,24312.72,419799.37,9162.46,136,257.84,Operações,CC005
2023-02-07,51172.08,37551.76,13620.32,26.62,36.27,8875.74,420529.91,5000.0,136,276.12,RH,CC004
2023-02-08,56177.19,38800.08,17377.11,30.93,44.79,26113.92,420023.56,14253.19,136,285.29,TI,CC003
2023-02-09,44652.78,34267.86,10384.92,23.26,30.31,15045.87,420133.15,12255.39,136,251.97,P&D,CC008
2023-02-10,59433.54,35490.98,23942.55,40.28,67.46,22759.78,418032.84,9255.51,136,260.96,Vendas,CC001
2023-02-11,52148.95,35595.75,16553.2,31.74,46.5,22231.3,418478.57,9976.02,136,261.73,P&D,CC002
2023-02-12,48656.42,35142.77,13513.66,27.77,38.45,7982.19,418275.44,7525.67,134,262.26,Operações,CC006
2023-02-13,46916.83,33988.6,12928.23,27.56,38.04,8805.66,418842.02,13191.71,134,253.65,P&D,CC002
2023-02-14,47161.43,35011.37,12150.06,25.76,34.7,9107.11,418011.02,13527.14,134,261.28,Financeiro,CC001
2023-02-15,47253.78,34244.77,13009.01,27.53,37.99,10364.12,417423.36,9979.58,134,255.56,TI,CC007
2023-02-16,47200.96,30634.92,16566.04,35.1,54.08,11283.25,418107.7,11648.56,134,228.62,Financeiro,CC008
2023-02-17,46714.85,34761.65,11953.19,25.59,34.39,18068.61,417646.24,9889.36,134,259.42,P&D,CC005
2023-02-18,45316.82,34797.95,10518.87,23.21,30.23,9224.6,418280.18,6804.91,134,259.69,Marketing,CC008
2023-02-19,44673.44,31583.76,13089.68,29.3,41.44,14852.21,417940.4,8596.86,134,235.7,TI,CC006
2023-02-20,45236.84,33356.3,11880.54,26.26,35.62,9028.79,417073.12,9629.38,134,248.93,RH,CC007
2023-02-21,45720.39,34892.87,10827.52,23.68,31.03,1724.5,417282.1,8404.58,134,260.39,P&D,CC008
2023-02-22,50483.28,33418.34,17064.94,33.8,51.06,18415.23,416065.97,8827.91,134,249.39,Operações,CC003
2023-02-23,49767.93,36345.05,13422.88,26.97,36.93,3861.61,415544.07,9037.57,134,271.23,Marketing,CC003
2023-02-24,40160.27,39324.52,835.75,2.08,2.13,492.58,416670.92,9017.6,134,293.47,TI,CC008
2023-02-25,51988.74,33440.65,18548.09,35.68,55.47,11706.52,415977.79,9246.91,134,249.56,Vendas,CC008
2023-02-26,51644.86,32666.39,18978.47,36.75,58.1,28914.85,414838.13,6988.43,134,243.78,P&D,CC008
2023-02-27,51998.7,36433.8,15564.9,29.93,42.72,20121.72,416414.36,7647.24,134,271.89,Financeiro,CC003
2023-02-28,51794.56,37631.41,14163.15,27.34,37.64,14691.92,415636.74,6488.25,134,280.83,Operações,CC006
2023-03-01,57109.3,36037.3,21072.0,36.9,58.47,27390.54,414685.37,10993.83,134,268.94,TI,CC002
2023-03-02,57194.0,39651.35,17542.65,30.67,44.24,13311.07,415297.57,5000.0,134,295.91,RH,CC007
2023-03-03,52457.99,34237.71,18220.29,34.73,53.22,20937.68,413828.73,11321.2,134,255.51,Operações,CC007
2023-03-04,56215.16,38387.72,17827.44,31.71,46.44,18826.49,414865.32,11781.87,134,286.48,Operações,CC004
2023-03-05,52079.08,35790.19,16288.89,31.28,45.51,17608.99,415209.32,8404.83,134,267.09,Operações,CC007
2023-03-06,50637.92,40353.76,10284.16,20.31,25.48,16645.92,414841.48,5000.0,134,301.15,TI,CC006
2023-03-07,52471.52,40730.01,11741.51,22.38,28.83,15403.97,413194.58,8301.19,134,303.96,RH,CC001
2023-03-08,56324.5,34965.93,21358.57,37.92,61.08,22802.18,414022.45,8909.97,134,260.94,P&D,CC008
2023-03-09,55819.94,35089.44,20730.5,37.14,59.08,12456.07,414270.7,7036.4,134,261.86,TI,CC005
2023-03-10,53594.63,37545.67,16048.97,29.95,42.75,11248.74,412527.92,8051.06,134,280.19,Financeiro,CC002
2023-03-11,53236.59,34654.61,18581.98,34.9,53.62,17968.44,413834.94,12170.29,134,258.62,P&D,CC003
2023-03-12,51570.33,34922.25,16648.07,32.28,47.67,17114.94,412228.36,10472.55,134,260.61,Financeiro,CC001
2023-03-13,47057.84,34648.06,12409.78,26.37,35.82,6758.76,412989.95,7330.57,134,258.57,Vendas,CC005
2023-03-14,49283.98,30360.32,18923.66,38.4,62.33,30982.04,412831.26,6025.55,134,226.57,Administrativo,CC002
2023-03-15,49484.25,33809.92,15674.33,31.68,46.36,23256.3,411526.22,8611.6,134,252.31,P&D,CC002
2023-03-16,48569.14,32147.45,16421.69,33.81,51.08,19432.28,411605.28,8887.23,134,239.91,Vendas,CC004
2023-03-17,49258.66,32294.93,16963.73,34.44,52.53,17323.91,411674.69,10358.43,134,241.01,Administrativo,CC001
2023-03-18,47391.72,35998.41,11393.32,24.04,31.65,10332.27,412471.79,8350.42,134,268.64,P&D,CC004
2023-03-19,46103.88,30511.23,15592.65,33.82,51.1,10833.06,412075.86,10501.94,134,227.7,Vendas,CC008
2023-03-20,48260.04,34650.68,13609.35,28.2,39.28,13996.76,411204.02,13409.71,134,258.59,Financeiro,CC001
2023-03-21,45187.4,32553.31,12634.09,27.96,38.81,13922.85,410441.6,11233.16,134,242.94,Operações,CC002
2023-03-22,43046.54,32721.81,10324.74,23.99,31.55,4115.94,411368.18,9570.72,134,244.19,P&D,CC003
2023-03-23,45817.42,35107.86,10709.56,23.37,30.5,12380.44,410891.77,9367.0,134,262.0,Financeiro,CC001
2023-03-24,44848.76,34517.97,10330.79,23.03,29.93,9554.5,410243.18,9087.7,134,257.6,RH,CC005
2023-03-25,45963.23,35341.22,10622.01,23.11,30.06,1082.97,411329.38,12231.09,133,265.72,Marketing,CC004
2023-03-26,48549.38,36534.04,12015.34,24.75,32.89,7713.41,409626.46,8684.61,133,274.69,Financeiro,CC004
2023-03-27,47645.29,34350.91,13294.38,27.9,38.7,11226.35,409091.17,10099.46,133,258.28,Vendas,CC008
2023-03-28,50138.27,34204.91,15933.36,31.78,46.58,25371.8,409146.9,10181.19,133,257.18,Financeiro,CC002
2023-03-29,46375.48,33656.76,12718.73,27.43,37.79,15501.49,408726.44,9144.66,133,253.06,TI,CC006
2023-03-30,53601.5,34538.37,19063.14,35.56,55.19,12385.73,408947.79,7472.06,131,263.65,Financeiro,CC007
2023-03-31,53742.09,42398.13,11343.96,21.11,26.76,13774.14,409715.1,10930.68,131,323.65,Financeiro,CC001
2023-04-01,51901.66,39235.09,12666.57,24.4,32.28,4930.05,408336.1,10229.13,131,299.5,Financeiro,CC008
2023-04-02,56755.87,34213.67,22542.19,39.72,65.89,27955.65,408539.85,11416.36,131,261.17,Marketing,CC001
2023-04-03,57808.22,34357.87,23450.35,40.57,68.25,21094.73,407930.01,9411.43,131,262.27,P&D,CC006
2023-04-04,50172.88,37966.54,12206.33,24.33,32.15,11738.15,407887.29,12980.74,131,289.82,Marketing,CC007
2023-04-05,52490.1,38010.44,14479.66,27.59,38.09,21108.65,408363.97,8843.44,131,290.16,TI,CC003
2023-04-06,52045.75,37843.65,14202.1,27.29,37.53,7766.28,407266.74,14076.09,131,288.88,Marketing,CC007
2023-04-07,50919.11,35990.24,14928.88,29.32,41.48,7943.28,408382.1,7208.62,131,274.73,Administrativo,CC001
2023-04-08,55450.5,35938.55,19511.95,35.19,54.29,16593.95,407864.39,11621.94,131,274.34,Operações,CC006
2023-04-09,51475.4,36483.15,14992.25,29.13,41.09,20184.15,407152.26,11748.15,131,278.5,P&D,CC007
2023-04-10,50269.26,35601.56,14667.7,29.18,41.2,7070.97,406515.51,9247.22,131,271.77,P&D,CC005
2023-04-11,44011.71,30575.38,13436.33,30.53,43.94,-724.45,407759.25,11724.13,131,233.4,Operações,CC002
2023-04-12,50890.04,34138.59,16751.46,32.92,49.07,14495.66,405961.45,13467.17,131,260.6,Administrativo,CC002
2023-04-13,44271.94,32497.75,11774.19,26.6,36.23,14532.89,405614.45,6502.9,131,248.07,Vendas,CC002
2023-04-14,47264.32,34188.92,13075.4,27.66,38.24,19076.71,407252.27,11965.92,131,260.98,P&D,CC003
2023-04-15,47139.9,39498.33,7641.58,16.21,19.35,5325.77,406613.48,5993.15,131,301.51,RH,CC005
2023-04-16,49775.4,34017.04,15758.36,31.66,46.32,13701.22,406187.46,9062.9,131,259.67,Marketing,CC003
2023-04-17,41341.85,32484.99,8856.87,21.42,27.26,14626.37,405367.46,14262.29,131,247.98,Administrativo,CC003
2023-04-18,35992.5,34868.75,1123.75,3.12,3.22,-8224.95,405987.01,9845.29,131,266.17,Financeiro,CC005
2023-04-19,45602.64,33990.55,11612.09,25.46,34.16,9669.48,405984.48,8661.11,131,259.47,Marketing,CC002
2023-04-20,50670.0,33952.32,16717.67,32.99,49.24,17669.79,405152.02,10608.15,131,259.18,TI,CC003
2023-04-21,49410.51,34495.93,14914.58,30.19,43.24,17160.67,404253.78,15130.14,131,263.33,Vendas,CC005
2023-04-22,46937.1,37641.11,9296.0,19.81,24.7,6746.96,404086.18,7316.47,131,287.34,Operações,CC007
2023-04-23,45610.06,31576.99,14033.07,30.77,44.44,14205.28,404141.9,8858.0,131,241.05,Marketing,CC003
2023-04-24,50411.63,35148.16,15263.47,30.28,43.43,2821.84,404300.84,13931.63,131,268.31,RH,CC001
2023-04-25,46063.8,32745.81,13317.99,28.91,40.67,10026.75,403678.51,14623.8,131,249.97,TI,CC006
2023-04-26,51453.12,36125.45,15327.67,29.79,42.43,17595.21,403349.1,10668.78,131,275.77,Marketing,CC003
2023-04-27,52580.07,33592.91,18987.16,36.11,56.52,14075.69,404183.35,8360.57,131,256.43,TI,CC001
2023-04-28,55238.46,34993.23,20245.23,36.65,57.85,20540.15,403792.54,14989.36,131,267.12,P&D,CC001
2023-04-29,61242.1,35599.91,25642.2,41.87,72.03,27876.56,403834.4,13941.71,131,271.76,Vendas,CC005
2023-04-30,54917.22,38452.47,16464.75,29.98,42.82,14752.0,403424.1,12062.25,131,293.53,Marketing,CC007
2023-05-01,52827.53,38583.54,14244.0,26.96,36.92,15096.31,402176.04,9027.7,131,294.53,Financeiro,CC002
2023-05-02,54702.91,34425.29,20277.62,37.07,58.9,15463.96,403452.97,10499.47,131,262.79,Financeiro,CC006
2023-05-03,49689.78,37113.55,12576.23,25.31,33.89,11543.17,402202.4,10218.96,131,283.31,Financeiro,CC003
2023-05-04,52912.92,35584.55,17328.37,32.75,48.7,20379.45,402237.57,11140.95,131,271.64,Operações,CC007
2023-05-05,53551.93,34399.8,19152.13,35.76,55.68,19937.0,402315.42,13318.54,131,262.59,Vendas,CC006
2023-05-06,52782.41,36312.75,16469.66,31.2,45.36,13537.01,401383.81,12110.67,131,277.2,TI,CC005
2023-05-07,54197.39,35884.08,18313.3,33.79,51.03,19434.39,402773.21,8130.72,133,269.81,Vendas,CC007
2023-05-08,50496.32,41043.79,9452.52,18.72,23.03,13025.57,402553.58,12970.76,133,308.6,Financeiro,CC002
2023-05-09,55421.47,36694.21,18727.26,33.79,51.04,8477.56,401637.84,10775.32,133,275.9,TI,CC001
2023-05-10,51064.93,32675.44,18389.49,36.01,56.28,24184.86,401925.46,11453.79,133,245.68,P&D,CC004
2023-05-11,49996.9,33885.33,16111.57,32.23,47.55,14430.29,401973.56,12943.0,133,254.78,Administrativo,CC004
2023-05-12,48001.61,36641.85,11359.75,23.67,31.0,13487.2,400815.08,7717.02,133,275.5,Vendas,CC004
2023-05-13,48456.79,38378.35,10078.44,20.8,26.26,16064.67,400528.43,9799.14,133,288.56,Operações,CC008
2023-05-14,49561.32,30667.43,18893.89,38.12,61.61,12035.52,400652.93,8739.16,133,230.58,TI,CC007
2023-05-15,43707.89,29768.86,13939.02,31.89,46.82,10391.82,399616.22,6598.64,133,223.83,Vendas,CC002
